ARCHITECTURE,GENERAL
ARCHITECTURE,ARCHITECTURAL PLANNING
ARCHITECTURE,URBAN PLANNING
ARCHITECTURE,INTERIOR DESIGN
ARCHITECTURE,LANDSCAPE ARCHITECTURE
ARCHITECTURE,CONSTRUCTION PLANNING
ARCHITECTURE,ENVIRONMENTAL ARCHITECTURE
ARCHITECTURE,ARCHITECTURAL DESIGN
ARCHITECTURE,URBAN DESIGN
ARCHITECTURE,ARCHITECTURAL CONSERVATION
ARCHITECTURE,ARCHITECTURAL ENGINEERING
ARCHITECTURE,DIGITAL ARCHITECTURE
ARCHITECTURE,CONSTRUCTION TECHNOLOGY
ARCHITECTURE,INDUSTRIAL ARCHITECTURE
COMMERCE,GENERAL
COMMERCE,ACCOUNTING
COMMERCE,COMPUTER APPLICATION STUDIES
COMMERCE,FINANCE
COMMERCE,BANKING
COMMERCE,TAXATION
COMMERCE,OFFICE MANAGEMENT
COMMERCE,STATISTICS
COMMERCE,MARKETING
COMMERCE,ECONOMICS
COMMERCE,BUSINESS MANAGEMENT
COMMERCE,INFORMATION TECHNOLOGY
COMMERCE,BUSINESS ADMINISTRATION
COMMERCE,INTERNATIONAL BUSINESS
COMMERCE,TOURISM MANAGEMENT
COMMERCE,HUMAN RESOURCES MANAGEMENT
COMMERCE,FOREIGN TRADE
COMMERCE,SUPPLY CHAIN MANAGEMENT
COMMERCE,CORPORATE ACCOUNTING
COMMERCE,STOCK BROKING COURSE
COMMERCE,ENTREPRENEURSHIP
COMMERCE,BUSINESS COMMUNICATION
COMMERCE,INDUSTRIAL MANAGEMENT
COMMERCE,BRAND MANAGEMENT
COMMERCE,EDUCATION MANAGEMENT
COMMERCE,GENERAL
COMMERCE,OPERATIONAL RESEARCH
COMMERCE,ACTUARIAL SCIENCE
COMMERCE,CORPORATE LAW
COMMERCE,ISLAMIC BANKING
COMMERCE,CONSUMER SERVICES
COMMERCE,RURAL ACCOUNTING
COMMERCE,EXPORT IMPORT MANAGEMENT
COMMERCE,JEWELRY DESIGN
COMMERCE,TEXTILE MANAGEMENT
DESIGN,FASHION DESIGN
DESIGN,INTERIOR DESIGN
DESIGN,GENERAL
DESIGN,TEXTILE DESIGN
DESIGN,INDUSTRIAL DESIGN
DESIGN,COMMUNICATION STUDIES
DESIGN,GRAPHIC DESIGNING
DESIGN,JEWELRY DESIGN
DESIGN,GAME DESIGN
DESIGN,AUTOMOBILE DESIGN
DESIGN,TEXTILE MANAGEMENT
DESIGN,MODELLING
DESIGN,RETAIL DESIGN
DESIGN,LEATHER DESIGN
DESIGN,INFORMATION DESIGN
DESIGN,SKILL DEVELOPMENT
DESIGN,COMPUTER APPLICATION STUDIES
DESIGN,UNIVERSAL DESIGN
DESIGN,INDUSTRIAL SCIENCE
EDUCATION,GENERAL
EDUCATION,TEACHER TRAINING
EDUCATION,PHYSICAL EDUCATION
EDUCATION,EDUCATION MANAGEMENT
EDUCATION,ENGLISH
EDUCATION,MATHEMATICS
EDUCATION,HISTORY
EDUCATION,BIOSCIENCE
EDUCATION,TAMIL
EDUCATION,COMMERCE EDUCATION
EDUCATION,COMPUTER SCIENCE
EDUCATION,ECONOMICS
EDUCATION,SOCIAL SCIENCE
EDUCATION,SPECIAL EDUCATION
EDUCATION,GEOGRAPHY
EDUCATION,NATURAL SCIENCE
EDUCATION,HINDI
EDUCATION,SANSKRIT
EDUCATION,MALAYALAM
EDUCATION,HOME SCIENCE
EDUCATION,COMPUTER EDUCATION
EDUCATION,EXTENSION EDUCATION
EDUCATION,GAMES & SPORTS
EDUCATION,ARABIC
EDUCATION,INFORMATION TECHNOLOGY
EDUCATION,ACCOUNTING
EDUCATION,YOGA
EDUCATION,EDUCATION TECHNOLOGY
EDUCATION,VOCATIONAL STUDIES
PHARMACY,GENERAL
PHARMACY,PHARMACEUTICS
PHARMACY,PHARMACOLOGY
PHARMACY,PHARMACEUTICAL CHEMISTRY
PHARMACY,PHARMACEUTICAL ANALYTICS
PHARMACY,INDUSTRIAL PHARMACY
PHARMACY,PHARMACOGNOSY
PHARMACY,PRACTICE PHARMACY
PHARMACY,PHARMACEUTICAL TECHNOLOGY
PHARMACY,PHARMACEUTICAL MANAGEMENT
PHARMACY,PHARMACEUTICAL SCIENCE
PHARMACY,AYURVED
PHARMACY,DRUG RESEARCH
PHARMACY,PHARMACEUTICAL BIOTECHNOLOGY
PHARMACY,CLINICAL PHARMACY
PHARMACY,PHARMACOVIGILANCE
PHARMACY,VETERINARY PHARMACY
PHARMACY,MEDICINAL CHEMISTRY
PHARMACY,BIOPHARMACEUTICS
PHARMACY,NATURAL MEDICINAL PRODUCTS
PHARMACY,PHARMACEUTICALS MERCHANDISING
PHARMACY,PHYTOPHARMACEUTICALS
PHARMACY,UNANI MEDICINE
PHARMACY,CLINICAL PHARMACOLOGY
SCIENCES,MATHEMATICS
SCIENCES,CHEMICAL SCIENCE
SCIENCES,PHYSICS
SCIENCES,COMPUTER SCIENCE
SCIENCES,GENERAL
SCIENCES,ZOOLOGY
SCIENCES,BOTANY
SCIENCES,BIOTECHNOLOGY
SCIENCES,LIFE SCIENCES
SCIENCES,MICROBIOLOGY
SCIENCES,INFORMATION TECHNOLOGY
SCIENCES,STATISTICS
SCIENCES,ELECTRONICS
SCIENCES,BIOCHEMISTRY
SCIENCES,FOOD SCIENCE
SCIENCES,ENVIRONMENTAL SCIENCE
SCIENCES,GEOGRAPHICAL SCIENCES
SCIENCES,EARTH SCIENCE
SCIENCES,PSYCHOLOGY
SCIENCES,ECONOMICS
SCIENCES,HOME SCIENCE
SCIENCES,YOGA
SCIENCES,BIOMEDICAL SCIENCES
SCIENCES,BIOINFORMATICS
SCIENCES,DIETETICS
SCIENCES,COMPUTER APPLICATIONS
SCIENCES,FORENSIC SCIENCE
SCIENCES,MEDICAL TECHNOLOGY
SCIENCES,MEDIA STUDIES
SCIENCES,COMMUNICATION STUDIES
SCIENCES,NUTRITIONAL SCIENCE
SCIENCES,OPTOMETRY
SCIENCES,ANALYTICAL CHEMISTRY
SCIENCES,HEALTH CARE MANAGEMENT
SCIENCES,ANTHROPOLOGY
SCIENCES,DATA SCIENCE
SCIENCES,GENETICS
SCIENCES,SOIL SCIENCE
SCIENCES,CATERING SCIENCE
SCIENCES,COMMUNITY MEDICINE
SCIENCES,MOLECULAR BIOLOGY
SCIENCES,NANOTECHNOLOGY
SCIENCES,FISHERIES SCIENCE
SCIENCES,FORESTRY
SCIENCES,APPLIED CHEMISTRY
SCIENCES,PHARMACEUTICAL CHEMISTRY
SCIENCES,TEXTILE SCIENCE
SCIENCES,MATERIAL SCIENCE
SCIENCES,PLANT BIOTECHNOLOGY
SCIENCES,TOURISM MANAGEMENT
SCIENCES,CLINICAL RESEARCH
SCIENCES,BIOSCIENCE
SCIENCES,PHYSICAL EDUCATION
SCIENCES,INDUSTRIAL CHEMISTRY
SCIENCES,ENTOMOLOGY
SCIENCES,HUMANITIES
SCIENCES,MARITIME SCIENCE
SCIENCES,COMMUNITY SCIENCE
SCIENCES,APPAREL TECHNOLOGY
SCIENCES,GEOLOGY
SCIENCES,CYBER SECURITY
SCIENCES,SOCIAL SCIENCE
SCIENCES,ANALYTICAL STUDIES
SCIENCES,FOOD TECHNOLOGY
SCIENCES,AGRI
SCIENCES,NATUROPATHY
SCIENCES,INSTRUMENTATION
SCIENCES,AYURVED
SCIENCES,NATURAL RESOURCE MANAGEMENT
SCIENCES,ACTUARIAL SCIENCE
SCIENCES,FRUIT SCIENCE
SCIENCES,ANIMAL GENETICS
SCIENCES,ANIMAL NUTRITION
SCIENCES,HUMAN DEVELOPMENT
SCIENCES,SOFTWARE ENGINEERING
SCIENCES,MEDICAL MICROBIOLOGY
SCIENCES,DISASTER MANAGEMENT
SCIENCES,FINANCE
SCIENCES,INDUSTRIAL SCIENCE
SCIENCES,TEXTILE MERCHANDISING
SCIENCES,AQUACULTURE
SCIENCES,COMPUTER APPLICATION STUDIES
SCIENCES,COSMETOLOGY
SCIENCES,ENERGY MANAGEMENT
SCIENCES,PUBLIC ADMINISTRATION
SCIENCES,MEDICAL BIOTECHNOLOGY
SCIENCES,OPERATIONS MANAGEMENT
SCIENCES,ANIMAL SCIENCE
SCIENCES,INFORMATION SCIENCE
SCIENCES,REHABILITATION STUDIES
SCIENCES,SPORTS SCIENCE
SCIENCES,DEFENCE STUDIES
SCIENCES,PHYSIOTHERAPY
SCIENCES,SERICULTURE
SCIENCES,AERONAUTICAL SCIENCE
SCIENCES,HEALTH INFORMATICS
SCIENCES,INTERDISCIPLINARY COURSES
SCIENCES,GAMES & SPORTS
SCIENCES,PHARMACEUTICAL SCIENCE
SCIENCES,RURAL STUDIES
SCIENCES,MILITARY SCIENCE
SCIENCES,BIODIVERSITY CONSERVATION
SCIENCES,PSYCHIATRY
SCIENCES,CLINICAL BIOCHEMISTRY
SCIENCES,ECOLOGY
SCIENCES,WATER RESOURCE MANAGEMENT
SCIENCES,FISHERIES MANAGEMENT
SCIENCES,HERBAL SCIENCE
SCIENCES,OCEANOGRAPHY
SCIENCES,PROSTHETICS AND ORTHOTICS
SCIENCES,RADIOTHERAPY
SCIENCES,EDUCATION MANAGEMENT
SCIENCES,BIOPHYSICS
SCIENCES,EXTENSION EDUCATION
SCIENCES,NURSING
SCIENCES,RESEARCH MANAGEMENT
SCIENCES,WILDLIFE SCIENCES
SCIENCES,AIR TRAVEL MANAGEMENT
SCIENCES,HARDWARE & NETWORKING TECHNOLOGY
SCIENCES,INDUSTRIAL HEALTH
SCIENCES,ASTRONOMY
SCIENCES,CLINICAL PSYCHOLOGY
SCIENCES,JEWELRY DESIGN
SCIENCES,MARINE BIOTECHNOLOGY
SCIENCES,ANIMAL BIOTECHNOLOGY
SCIENCES,DRUG RESEARCH
SCIENCES,BIOMEDICAL ENGINEERING
SCIENCES,BIOSTATISTICS
SCIENCES,COMPUTATIONAL BIOLOGY
SCIENCES,GENOMICS
SCIENCES,PLANT SCIENCE
SCIENCES,SOCIOLOGY
SCIENCES,SUSTAINABLE DEVELOPMENT
SCIENCES,FOOD MICROBIOLOGY
SCIENCES,NEUROSCIENCE
SCIENCES,CLIMATOLOGY
SCIENCES,CRIMINOLOGY
SCIENCES,DAIRY TECHNOLOGY
SCIENCES,EMBEDDED SYSTEMS
SCIENCES,FISH EXTENSION EDUCATION
SCIENCES,FISH PROCESSING TECHNOLOGY
SCIENCES,METEOROLOGY
SCIENCES,ANIMATION
SCIENCES,MECHANICAL ENGINEERING
SCIENCES,TEXTILE CHEMISTRY
SCIENCES,MARKETING
SCIENCES,MEDICAL GENETICS
SCIENCES,PETROLEUM SCIENCE
SCIENCES,REGENERATIVE MEDICINE
SCIENCES,SPECIAL EDUCATION
SCIENCES,URBAN PLANNING
SCIENCES,BIO
SCIENCES,FISH BIOLOGY
SCIENCES,FISHERIES ENGINEERING
SCIENCES,GENERAL
SCIENCES,LIVESTOCK MANAGEMENT
SCIENCES,MEDICAL BIOCHEMISTRY
SCIENCES,PETROLEUM TECHNOLOGY
SCIENCES,SERVICE INDUSTRY MANAGEMENT
SCIENCES,TEXTILE MANUFACTURING
SCIENCES,TISSUE ENGINEERING
SCIENCES,VOCATIONAL STUDIES
SCIENCES,CLINICAL MICROBIOLOGY
SCIENCES,ENTREPRENEURSHIP
SCIENCES,FISH ECONOMICS
SCIENCES,HYDROLOGY
SCIENCES,OPERATIONAL RESEARCH
SCIENCES,POPULATION STUDIES
SCIENCES,ANIMAL HUSBANDRY
SCIENCES,APPLIED ECONOMICS
SCIENCES,BEHAVIOURAL SCIENCE
SCIENCES,EDUCATION DELIVERY TECHNOLOGY
SCIENCES,PRODUCTION ENGINEERING
SCIENCES,SOCIAL WORK
SCIENCES,SUGAR TECHNOLOGY
SCIENCES,ALTERNATIVE MEDICINE
SCIENCES,BIOTEXTILES
SCIENCES,CLINICAL TRIALS MANAGEMENT
SCIENCES,CYBER LAW
SCIENCES,DOCUMENTATION COURSES
SCIENCES,FISH TECHNOLOGY
SCIENCES,FISHERIES MICROBIOLOGY
SCIENCES,GREEN TECHNOLOGY
SCIENCES,HISTORY
SCIENCES,HYDROGRAPHY
SCIENCES,IMPLANTOLOGY
SCIENCES,PLANT TISSUE CULTURE
SCIENCES,PRINTING TECHNOLOGY
SCIENCES,TRANSLATIONAL HEALTH SCIENCE
SCIENCES,VLSI COURSES
SCIENCES,ANIMAL BREEDING
SCIENCES,APICULTURE
SCIENCES,BIORESOURCE MANAGEMENT
SCIENCES,DOCUMENTATION SCIENCE
SCIENCES,ENERGY ENGINEERING
SCIENCES,FERMENTATION TECHNOLOGY
SCIENCES,INSURANCE
SCIENCES,MATERIALS MANAGEMENT
SCIENCES,NATURE TOURISM
SCIENCES,PLANT GENETICS
SCIENCES,POWER DISTRIBUTION MANAGEMENT
ARTS,ENGLISH
ARTS,ECONOMICS
ARTS,HISTORY
ARTS,POLITICAL SCIENCE
ARTS,GENERAL
ARTS,HINDI
ARTS,SOCIAL SCIENCE
ARTS,SANSKRIT
ARTS,GEOGRAPHY
ARTS,PSYCHOLOGY
ARTS,PHILOSOPHY
ARTS,EDUCATION MANAGEMENT
ARTS,SOCIAL WORK
ARTS,JOURNALISM
ARTS,PUBLIC ADMINISTRATION
ARTS,LIBRARY SCIENCE
ARTS,MUSIC
ARTS,MATHEMATICS
ARTS,HUMANITIES
ARTS,URDU
ARTS,FINE ARTS
ARTS,BENGALI
ARTS,HOME SCIENCE
ARTS,MEDIA STUDIES
ARTS,TAMIL
ARTS,PHYSICAL EDUCATION
ARTS,EDUCATIONAL STUDIES
ARTS,MARATHI
ARTS,KANNADA
ARTS,ARABIC
ARTS,FRENCH
ARTS,PUNJABI
ARTS,STATISTICS
ARTS,TOURISM MANAGEMENT
ARTS,RELIGIOUS STUDIES
ARTS,LANGUAGE
ARTS,PERFORMING ARTS
ARTS,SOCIOLOGY
ARTS,COMPUTER APPLICATION STUDIES
ARTS,GERMAN
ARTS,ANTHROPOLOGY
ARTS,DANCE
ARTS,YOGA
ARTS,RURAL DEVELOPMENT
ARTS,MALAYALAM
ARTS,ASSAMESE
ARTS,STRATEGIC STUDIES
ARTS,FASHION DESIGN
ARTS,GUJARATI
ARTS,TELUGU
ARTS,VISUAL ARTS
ARTS,LINGUISTICS
ARTS,PERSIAN
ARTS,PUBLIC RELATIONS
ARTS,WOMEN'S STUDIES
ARTS,INTERNATIONAL STUDIES
ARTS,ACTING
ARTS,CULTURAL STUDIES
ARTS,ENVIRONMENTAL SCIENCE
ARTS,FILM MAKING
ARTS,COMPUTER SCIENCE
ARTS,LITERATURE
ARTS,BUSINESS ECONOMICS
ARTS,SPANISH
ARTS,ORIYA
ARTS,APPLIED ARTS
ARTS,CRIMINOLOGY
ARTS,ISLAM
ARTS,DEVELOPMENT STUDIES
ARTS,RUSSIAN
ARTS,JAPANESE
ARTS,CHINESE
ARTS,SPECIAL EDUCATION
ARTS,ARCHAEOLOGY
ARTS,FILM PRODUCTION
ARTS,THEATRE ARTS
ARTS,HUMAN RESOURCES MANAGEMENT
ARTS,JYOTISHA
ARTS,PHOTOGRAPHY
ARTS,TRANSLATIONAL STUDIES
ARTS,PALI
ARTS,CULINARY ARTS
ARTS,HUMAN DEVELOPMENT
ARTS,APPLIED PSYCHOLOGY
ARTS,HUMAN RIGHTS EDUCATION
ARTS,PORTUGUESE
ARTS,APPLIED ECONOMICS
ARTS,FILM DIRECTION
ARTS,DRAMATICS
ARTS,GAMES & SPORTS
ARTS,LIBERAL ARTS
ARTS,ASTROLOGY
ARTS,COMMUNICATION STUDIES
ARTS,POPULATION STUDIES
ARTS,SOCIAL WELFARE
ARTS,CHRISTIANITY
ARTS,JAINISM
ARTS,RURAL STUDIES
ARTS,SCRIPT WRITING
ARTS,VASTU SHASTRA
ARTS,SANTALI
ARTS,OFFICE MANAGEMENT
ARTS,HINDUISM
ARTS,NEPALI
ARTS,ANIMATION
ARTS,EXTENSION EDUCATION
ARTS,INTERDISCIPLINARY COURSES
ARTS,ITALIAN
ARTS,SOUND RECORDING
ARTS,TEXTILE DESIGN
ARTS,DISASTER MANAGEMENT
ARTS,SKILL DEVELOPMENT
ARTS,CINEMATOGRAPHY
ARTS,MAITHILI
ARTS,AUDIOLOGY
ARTS,NGO MANAGEMENT
ARTS,FINANCE
ARTS,INFORMATION TECHNOLOGY
ARTS,PRINTING TECHNOLOGY
ARTS,INSURANCE
ARTS,MANIPURI
ARTS,MEDIA MANAGEMENT
ARTS,EVENT MANAGEMENT
ARTS,MANUSCRIPTOLOGY
ARTS,RAJASTHANI
ARTS,TEACHER TRAINING
ARTS,KONKANI
ARTS,SINDHI
ARTS,TIBETAN
ARTS,DEVELOPMENT ADMINISTRATION
ARTS,GEOGRAPHICAL SCIENCES
ARTS,INSTRUCTIONAL DESIGN
ARTS,KHASI
ARTS,OPERATIONS MANAGEMENT
ARTS,PRINTING ARTS
ARTS,RURAL ECONOMICS
ARTS,VOCATIONAL STUDIES
ARTS,CORPORATE EDUCATION
ARTS,DEVELOPMENT MANAGEMENT
ARTS,MAGADHI
ARTS,PALMISTRY
ARTS,AGRO SERVICES
ARTS,ARCHIVAL SCIENCE
ARTS,DEVELOPMENTAL ECONOMICS
ARTS,DIETETICS
ARTS,ENTREPRENEURSHIP
ARTS,FOREIGN TRADE
ARTS,GENERAL
ARTS,GEOLOGY
ARTS,COMMUNITY STUDIES
ARTS,KASHMIRI
ARTS,NUMEROLOGY
ARTS,SIKHISM
ARTS,ACTUARIAL SCIENCE
ARTS,AYURVED
ARTS,BHOJPURI
ARTS,EUROPEAN LANGUAGES
ARTS,SIGN LANGUAGE
ARTS,TEXTILE MANAGEMENT
ARTS,ADMINISTRATIVE STUDIES
ARTS,COMMUNITY SCIENCE
ARTS,CONSUMER SERVICES
ARTS,DEVELOPMENT ECONOMICS
ARTS,LANGUAGE ENGINEERING
ARTS,REHABILITATION STUDIES
ARTS,SOCIAL ECONOMICS
ARTS,SWAHILI
ARTS,BORO LANGUAGE
ARTS,BULGARIAN
ARTS,BUSINESS COMMUNICATION
ARTS,CROATIAN
ARTS,CZECH
ARTS,DRAVIDIAN
ARTS,HOME ECONOMICS
ARTS,HUNGARIAN
ARTS,MANAGERIAL STUDIES
ARTS,NGO STUDIES
ARTS,PHONETICS
ARTS,POLISH
ARTS,QUANTITATIVE ECONOMICS
ARTS,SERBIAN
ARTS,SLOVAK
ARTS,TULU
ANIMATION,ANIMATION AND MULTIMEDIA
ANIMATION,VISUAL EFFECTS
ANIMATION,GRAPHIC DESIGN
ANIMATION,2D AND 3D ANIMATION
ANIMATION,WEB DESIGN
ANIMATION,GAMING
ANIMATION,FILM MAKING
VOCATIONAL STUDIES,VOCATIONAL STUDIES
VOCATIONAL STUDIES,FOOD TECHNOLOGY
VOCATIONAL STUDIES,CATERING MANAGEMENT
VOCATIONAL STUDIES,FASHION DESIGN
VOCATIONAL STUDIES,FILM MAKING
VOCATIONAL STUDIES,PERSONAL CARE & BEAUTY
VOCATIONAL STUDIES,COMPUTER EDUCATION
VOCATIONAL STUDIES,ELECTRICAL
VOCATIONAL STUDIES,ENGLISH
VOCATIONAL STUDIES,PERSONALITY DEVELOPMENT
VOCATIONAL STUDIES,TOURISM MANAGEMENT
VOCATIONAL STUDIES,SKILL DEVELOPMENT
VOCATIONAL STUDIES,CORPORATE EDUCATION
VOCATIONAL STUDIES,MEDIA STUDIES
VOCATIONAL STUDIES,VIDEOGRAPHY
VOCATIONAL STUDIES,MECHANICAL ENGINEERING
VOCATIONAL STUDIES,ELECTRICAL & ELECTRONICS
VOCATIONAL STUDIES,HOSPITALITY MANAGEMENT
VOCATIONAL STUDIES,CULINARY ARTS
VOCATIONAL STUDIES,DISASTER MANAGEMENT
VOCATIONAL STUDIES,JEWELRY DESIGN
VOCATIONAL STUDIES,INDUSTRIAL ENGINEERING
VOCATIONAL STUDIES,AUTOMOBILE ENGINEERING
VOCATIONAL STUDIES,MOBILE PHONES TECHNOLOGY
VOCATIONAL STUDIES,EXPORT MANAGEMENT
VOCATIONAL STUDIES,HOUSE KEEPING
VOCATIONAL STUDIES,EVENT MANAGEMENT
VOCATIONAL STUDIES,INDUSTRIAL MANAGEMENT
VOCATIONAL STUDIES,PLUMBING
VOCATIONAL STUDIES,GAMES & SPORTS
VOCATIONAL STUDIES,MULTIMEDIA COMMUNICATION
VOCATIONAL STUDIES,REAL ESTATE MANAGEMENT
VOCATIONAL STUDIES,AUDIOLOGY
VOCATIONAL STUDIES,SELF DEFENCE
VOCATIONAL STUDIES,TEXTILE DESIGN
AVIATION,AVIATION MANAGEMENT
AVIATION,AIR TRAVEL MANAGEMENT
AVIATION,PILOT TRAINING
AVIATION,FLIGHT ATTENDANTS TRAINING
AVIATION,AIR CARGO MANAGEMENT
COMPUTER APPLICATIONS,GENERAL
COMPUTER APPLICATIONS,COMPUTER PROGRAMMING
COMPUTER APPLICATIONS,WEB DESIGNING
COMPUTER APPLICATIONS,NETWORKING TECHNOLOGIES
COMPUTER APPLICATIONS,INFORMATION TECHNOLOGY
COMPUTER APPLICATIONS,CYBER SECURITY
COMPUTER APPLICATIONS,DATA SCIENCE
COMPUTER APPLICATIONS,SOFTWARE ENGINEERING
COMPUTER APPLICATIONS,GRAPHIC DESIGNING
COMPUTER APPLICATIONS,DIGITAL EDUCATION
COMPUTER APPLICATIONS,WEB DEVELOPMENT
COMPUTER APPLICATIONS,COMPUTER OPERATION
COMPUTER APPLICATIONS,DESKTOP PUBLISHING
COMPUTER APPLICATIONS,VISUAL BASIC APPLICATION
DENTISTRY,GENERAL
DENTISTRY,ORTHODONTICS
DENTISTRY,PERIODONTICS
DENTISTRY,PROSTHODONTICS
DENTISTRY,ORAL SURGERY
DENTISTRY,ENDODONTICS
DENTISTRY,ORAL PATHOLOGY
DENTISTRY,ORAL RADIOLOGY
DENTISTRY,PREVENTIVE DENTISTRY
DENTISTRY,PUBLIC HEALTH DENTISTRY
DENTISTRY,CONSERVATIVE DENTISTRY
DENTISTRY,DENTAL MECHANICS
DENTISTRY,DENTAL TECHNOLOGY
DENTISTRY,DENTAL HYGIENE
DENTISTRY,PEDIATRIC DENTISTRY
DENTISTRY,ORAL IMPLANTOLOGY
DENTISTRY,ORAL MEDICINE
DENTISTRY,COMMUNITY DENTISTRY
DENTISTRY,AESTHETIC DENTISTRY
DENTISTRY,CLINICAL DENTISTRY
DENTISTRY,LASER DENTISTRY
DENTISTRY,GENERAL
DENTISTRY,SURGERY
ENGINEERING,COMPUTER SCIENCE
ENGINEERING,MECHANICAL ENGINEERING
ENGINEERING,ELECTRONICS & COMMUNICATION
ENGINEERING,CIVIL ENGINEERING
ENGINEERING,ELECTRICAL & ELECTRONICS
ENGINEERING,ELECTRICAL
ENGINEERING,ELECTRONICS
ENGINEERING,INFORMATION TECHNOLOGY
ENGINEERING,DESIGN ENGINEERING
ENGINEERING,INDUSTRIAL ENGINEERING
ENGINEERING,GENERAL
ENGINEERING,AUTOMOBILE ENGINEERING
ENGINEERING,CHEMICAL ENGINEERING
ENGINEERING,BIOTECHNOLOGY
ENGINEERING,ENVIRONMENTAL ENGINEERING
ENGINEERING,MANUFACTURING ENGINEERING
ENGINEERING,AEROSPACE ENGINEERING
ENGINEERING,SOFTWARE ENGINEERING
ENGINEERING,AGRICULTURAL ENGINEERING
ENGINEERING,BIOMEDICAL ENGINEERING
ENGINEERING,INSTRUMENTATION
ENGINEERING,ENERGY ENGINEERING
ENGINEERING,MECHATRONICS
ENGINEERING,FOOD TECHNOLOGY
ENGINEERING,MATERIAL SCIENCE
ENGINEERING,MINING
ENGINEERING,FOOD SCIENCE
ENGINEERING,ROBOTICS
ENGINEERING,PETROCHEMICAL ENGINEERING
ENGINEERING,NANOTECHNOLOGY
ENGINEERING,CONTROL ENGINEERING
ENGINEERING,NETWORK ENGINEERING
ENGINEERING,BIOINFORMATICS
ENGINEERING,METALLURGICAL ENGINEERING
ENGINEERING,CONSTRUCTION TECHNOLOGY
ENGINEERING,TEXTILE ENGINEERING
ENGINEERING,OCEAN & MARINE ENGINEERING
ENGINEERING,POLYMER ENGINEERING
ENGINEERING,GEOGRAPHICAL SCIENCES
ENGINEERING,FASHION TECHNOLOGY
ENGINEERING,PRINTING TECHNOLOGY
ENGINEERING,WATER RESOURCE MANAGEMENT
ENGINEERING,ENVIRONMENTAL SCIENCE
ENGINEERING,HARDWARE & NETWORKING TECHNOLOGY
ENGINEERING,PHARMACEUTICAL ENGINEERING
ENGINEERING,MICROWAVE ENGINEERING
ENGINEERING,PHYSICS
ENGINEERING,CERAMIC TECHNOLOGY
ENGINEERING,EARTH SCIENCE
ENGINEERING,PHOTONICS
ENGINEERING,PLASTIC TECHNOLOGY
ENGINEERING,INFRASTRUCTURE MANAGEMENT
ENGINEERING,NUCLEAR ENGINEERING
ENGINEERING,DAIRY TECHNOLOGY
ENGINEERING,INDUSTRIAL SCIENCE
ENGINEERING,LEATHER TECHNOLOGY
ENGINEERING,URBAN PLANNING
ENGINEERING,CLIMATOLOGY
ENGINEERING,MULTIMEDIA COMMUNICATION
ENGINEERING,OPERATIONS MANAGEMENT
ENGINEERING,RUBBER TECHNOLOGY
ENGINEERING,AQUACULTURE
ENGINEERING,HEALTH INFORMATICS
ENGINEERING,MEDIA STUDIES
ENGINEERING,PETROCHEMICAL SCIENCES
ENGINEERING,SPACE TECHNOLOGY
ENGINEERING,ANIMAL HUSBANDRY
ENGINEERING,AVIATION MANAGEMENT
ENGINEERING,COSMETOLOGY
HOTEL & HOSPITALITY MANAGEMENT,HOSPITALITY MANAGEMENT
HOTEL & HOSPITALITY MANAGEMENT,CATERING TECHNOLOGY
HOTEL & HOSPITALITY MANAGEMENT,CATERING MANAGEMENT
HOTEL & HOSPITALITY MANAGEMENT,CULINARY ARTS
HOTEL & HOSPITALITY MANAGEMENT,HOUSE KEEPING
HOTEL & HOSPITALITY MANAGEMENT,CATERING SCIENCE
HOTEL & HOSPITALITY MANAGEMENT,MARITIME CATERING
HOTEL & HOSPITALITY MANAGEMENT,HOSPITAL MANAGEMENT
HOTEL & HOSPITALITY MANAGEMENT,EVENT MANAGEMENT
MASS COMMUNICATION,JOURNALISM
MASS COMMUNICATION,MEDIA STUDIES
MASS COMMUNICATION,MULTIMEDIA COMMUNICATION
VETERINARY SCIENCES,ANIMAL HEALTH
VETERINARY SCIENCES,LIVESTOCK MANAGEMENT
VETERINARY SCIENCES,GENERAL
VETERINARY SCIENCES,ANIMAL HUSBANDRY
VETERINARY SCIENCES,ANIMAL MICROBIOLOGY
VETERINARY SCIENCES,ANIMAL NUTRITION
VETERINARY SCIENCES,ANIMAL GENETICS
VETERINARY SCIENCES,ANIMAL PARASITOLOGY
VETERINARY SCIENCES,ANIMAL PATHOLOGY
VETERINARY SCIENCES,ANIMAL GYNAECOLOGY
VETERINARY SCIENCES,ANIMAL SURGERY
VETERINARY SCIENCES,ANIMAL PHARMACOLOGY
VETERINARY SCIENCES,VETERINARY PUBLIC HEALTH
VETERINARY SCIENCES,ANIMAL BIOCHEMISTRY
VETERINARY SCIENCES,ANIMAL PHYSIOLOGY
VETERINARY SCIENCES,ANIMAL ANATOMY
VETERINARY SCIENCES,ANIMAL MEDICINE
VETERINARY SCIENCES,ANIMAL BIOTECHNOLOGY
VETERINARY SCIENCES,EPIDEMIOLOGY
VETERINARY SCIENCES,VETERINARY GYNAECOLOGY
VETERINARY SCIENCES,VETERINARY ANATOMY
VETERINARY SCIENCES,ANIMAL IMMUNOLOGY
VETERINARY SCIENCES,VETERINARY EXTENSION EDUCATION
VETERINARY SCIENCES,VETERINARY IMMUNOLOGY
VETERINARY SCIENCES,VETERINARY MEDICINE
VETERINARY SCIENCES,WILDLIFE SCIENCES
VETERINARY SCIENCES,ANIMAL BACTERIOLOGY
VETERINARY SCIENCES,VETERINARY PATHOLOGY
VETERINARY SCIENCES,ANIMAL PREVENTIVE MEDICINE
VETERINARY SCIENCES,ANIMAL VIROLOGY
VETERINARY SCIENCES,BIOSTATISTICS
VETERINARY SCIENCES,VETERINARY PREVENTIVE MEDICINE
VETERINARY SCIENCES,VETERINARY MICROBIOLOGY
LAW,GENERAL
LAW,CORPORATE LAW
LAW,HUMAN RIGHTS
LAW,INTELLECTUAL PROPERTY LAW
LAW,CRIMINAL LAW
LAW,CIVIL LAW
LAW,CYBER LAW
LAW,LABOR LAW
LAW,INTERNATIONAL LAW
LAW,ENVIRONMENTAL LAW
LAW,BANKING LAW
LAW,FINANCIAL LAW
MANAGEMENT,GENERAL
MANAGEMENT,MARKETING
MANAGEMENT,HUMAN RESOURCES MANAGEMENT
MANAGEMENT,FINANCE
MANAGEMENT,OPERATIONS MANAGEMENT
MANAGEMENT,INFORMATION TECHNOLOGY
MANAGEMENT,FOREIGN TRADE
MANAGEMENT,TOURISM MANAGEMENT
MANAGEMENT,RETAIL MANAGEMENT
MANAGEMENT,HEALTH CARE MANAGEMENT
MANAGEMENT,BUSINESS MANAGEMENT
MANAGEMENT,BUSINESS ADMINISTRATION
MANAGEMENT,BANKING
MANAGEMENT,BUSINESS ANALYTICS
MANAGEMENT,CORPORATE EDUCATION
MANAGEMENT,ENTREPRENEURSHIP
MANAGEMENT,INTERNATIONAL BUSINESS
MANAGEMENT,INSURANCE
MANAGEMENT,AGRI
MANAGEMENT,RURAL MANAGEMENT
MANAGEMENT,EVENT MANAGEMENT
MANAGEMENT,MEDIA MANAGEMENT
MANAGEMENT,HOSPITAL MANAGEMENT
MANAGEMENT,OFFICE MANAGEMENT
MANAGEMENT,INDUSTRIAL MANAGEMENT
MANAGEMENT,AIR TRAVEL MANAGEMENT
MANAGEMENT,PHARMACEUTICAL MANAGEMENT
MANAGEMENT,CLINIC & HOSPITAL ADMINISTRATION
MANAGEMENT,INTERNATIONAL STUDIES
MANAGEMENT,MANAGERIAL STUDIES
MANAGEMENT,ENVIRONMENTAL SCIENCE
MANAGEMENT,INFRASTRUCTURE MANAGEMENT
MANAGEMENT,GAMES & SPORTS
MANAGEMENT,BUSINESS STUDIES
MANAGEMENT,FASHION DESIGN
MANAGEMENT,ANALYTICAL STUDIES
MANAGEMENT,ENERGY MANAGEMENT
MANAGEMENT,ECONOMICS
MANAGEMENT,EDUCATION MANAGEMENT
MANAGEMENT,CULINARY ARTS
MANAGEMENT,HOUSE KEEPING
MANAGEMENT,PUBLIC RELATIONS
MANAGEMENT,BUSINESS ECONOMICS
MANAGEMENT,COMPUTER SCIENCE
MANAGEMENT,INVESTMENT MANAGEMENT
MANAGEMENT,COMPUTER EDUCATION
MANAGEMENT,CORPORATE LAW
MANAGEMENT,SUPPLY CHAIN MANAGEMENT
MANAGEMENT,STRATEGIC STUDIES
MANAGEMENT,AGRI MANAGEMENT
MANAGEMENT,TEXTILE MANAGEMENT
MANAGEMENT,NGO MANAGEMENT
MANAGEMENT,DISASTER MANAGEMENT
MANAGEMENT,TAXATION
MANAGEMENT,COOPERATIVE MANAGEMENT
MANAGEMENT,BUSINESS COMMUNICATION
MANAGEMENT,TAXATION
MANAGEMENT,ELECTRONICS & COMMUNICATION
MANAGEMENT,MATERIAL SCIENCE
MANAGEMENT,BIOTECHNOLOGY
MANAGEMENT,INTERIOR DESIGN
MANAGEMENT,URBAN PLANNING
MANAGEMENT,DESIGN MANAGEMENT
MANAGEMENT,SKILL DEVELOPMENT
MANAGEMENT,FOOD SCIENCE
MANAGEMENT,BUSINESS SUSTAINABILITY
MANAGEMENT,POWER DISTRIBUTION MANAGEMENT
MANAGEMENT,ENERGY AND ENVIRONMENT
MANAGEMENT,HUMANITIES
MANAGEMENT,INDUSTRIAL ENGINEERING
MANAGEMENT,MEDIA STUDIES
MANAGEMENT,ACTUARIAL SCIENCE
MANAGEMENT,CATERING MANAGEMENT
MANAGEMENT,FOOD TECHNOLOGY
MANAGEMENT,CONSUMER SERVICES
MANAGEMENT,DAIRY TECHNOLOGY
MANAGEMENT,FORESTRY
MANAGEMENT,PUBLIC WELFARE
MANAGEMENT,HUMAN RESOURCES MANAGEMENT
MANAGEMENT,SOCIAL SCIENCE
MANAGEMENT,EDUCATIONAL RESEARCH
MANAGEMENT,WEALTH MANAGEMENT
MANAGEMENT,CRIMINOLOGY
MANAGEMENT,INTELLECTUAL PROPERTY LAW
MEDICAL,GENERAL
MEDICAL,MEDICAL LABORATORY TECHNOLOGY
MEDICAL,PHYSIOTHERAPY
MEDICAL,MEDICINE
MEDICAL,ANAESTHISIA
MEDICAL,MICROBIOLOGY
MEDICAL,SURGERY
MEDICAL,PATHOLOGY
MEDICAL,PEDIATRICS
MEDICAL,ORTHOPAEDICS
MEDICAL,PHYSIOLOGY
MEDICAL,OBSTETRICS
MEDICAL,HUMAN ANATOMY
MEDICAL,BIOCHEMISTRY
MEDICAL,PHARMACOLOGY
MEDICAL,E.N.T
MEDICAL,COMMUNITY MEDICINE
MEDICAL,RADIOGRAPHY
MEDICAL,DERMATOLOGY
MEDICAL,OPHTHALMOLOGY
MEDICAL,PSYCHIATRY
MEDICAL,FORENSIC MEDICINE
MEDICAL,YOGA
MEDICAL,AYURVED
MEDICAL,RADIOTHERAPY
MEDICAL,NEUROLOGY
MEDICAL,DIALYSIS
MEDICAL,CARDIOLOGY
MEDICAL,RESPIRATORY CARE MEDICINE
MEDICAL,NURSING
MEDICAL,HOMEOPATHY
MEDICAL,HEALTH INFORMATICS
MEDICAL,UROLOGY
MEDICAL,CLINICAL PATHOLOGY
MEDICAL,RADIOLOGY
MEDICAL,EMERGENCY MEDICINE
MEDICAL,GASTROENTEROLOGY
MEDICAL,NEPHROLOGY
MEDICAL,AUDIOLOGY
MEDICAL,OCCUPATIONAL THERAPY
MEDICAL,PULMONARY MEDICINE
MEDICAL,PREVENTIVE MEDICINE
MEDICAL,MEDICAL TECHNOLOGY
MEDICAL,CLINICAL RESEARCH
MEDICAL,ONCOLOGY
MEDICAL,TUBERCULOSIS MEDICINE
MEDICAL,OPTOMETRY
MEDICAL,HOSPITAL ADMINISTRATION
MEDICAL,PSYCHOLOGY
MEDICAL,ENDOCRINOLOGY
MEDICAL,PHYSICAL MEDICINE
MEDICAL,HAEMATOLOGY
MEDICAL,LARYNGOLOGY
MEDICAL,UNANI MEDICINE
MEDICAL,NEONATOLOGY
MEDICAL,TRANSFUSION MEDICINE
MEDICAL,NUCLEAR MEDICINE
MEDICAL,GERIATRIC
MEDICAL,BIOTECHNOLOGY
MEDICAL,IMMUNOLOGY
MEDICAL,NEONATAL CARE
MEDICAL,GENERAL SURGERY
MEDICAL,EPIDEMIOLOGY
MEDICAL,FAMILY MEDICINE
MEDICAL,SPORTS MEDICINE
MEDICAL,ALTERNATIVE MEDICINE
MEDICAL,ACUPUNCTURE
MEDICAL,MEDICAL GENETICS
MEDICAL,MANUAL THERAPY
MEDICAL,PHARMACEUTICAL MANAGEMENT
MEDICAL,VENEROLOGY
MEDICAL,HEPATOLOGY
MEDICAL,LEPROSY
MEDICAL,MEDICAL ASSISTANT
MEDICAL,TROPICAL MEDICINE
MEDICAL,ICU MEDICINE
MEDICAL,BIO
MEDICAL,HIV MEDICINE
MEDICAL,MEDICAL TRANSCRIPTION
MEDICAL,HEMATOLOGY
MEDICAL,SPECIAL EDUCATION
MEDICAL,CYTOPATHOLOGY
MEDICAL,DEVELOPMENTAL THERAPY
MEDICAL,NEUROPHYSIOLOGY
MEDICAL,NURSING
MEDICAL,PHYSICAL THERAPY
MEDICAL,REGENERATIVE MEDICINE
MEDICAL,IMMUNOPATHOLOGY
MEDICAL,NEUROVIROLOGY
NURSING,NURSING
NURSING,PEDIATRICS
NURSING,OPTOMETRY
NURSING,OBSTETRICS
NURSING,ORTHOPAEDICS
AGRICULTURE,GENERAL
AGRICULTURE,HORTICULTURE
AGRICULTURE,AGRONOMY
AGRICULTURE,AGRICULTURAL GENETICS
AGRICULTURE,PLANT PATHOLOGY
AGRICULTURE,FOOD SCIENCE
AGRICULTURE,EXTENSION EDUCATION
AGRICULTURE,AGRICULTURAL ECONOMICS
AGRICULTURE,FORESTRY
AGRICULTURE,VEGETABLE SCIENCE
AGRICULTURE,AGRICULTURAL BIOTECHNOLOGY
AGRICULTURE,SEED TECHNOLOGY
AGRICULTURE,AGRICULTURAL TECHNOLOGY
AGRICULTURE,FLORICULTURE
AGRICULTURE,PLANT PHYSIOLOGY
AGRICULTURE,AGRI MANAGEMENT
AGRICULTURE,ANIMAL HUSBANDRY
AGRICULTURE,FISHERIES SCIENCE
AGRICULTURE,GEOGRAPHICAL REMOTE SENSING
AGRICULTURE,POULTRY SCIENCE
AGRICULTURE,DAIRY SCIENCES
AGRICULTURE,AGRICULTURAL ENTOMOLOGY
AGRICULTURE,ORGANIC FARMING TECHNOLOGY
AGRICULTURE,SERICULTURE
AGRICULTURE,AGRICULTURAL STATISTICS
AGRICULTURE,AGRO
AGRICULTURE,MICROBIOLOGY
AGRICULTURE,RURAL STUDIES
AGRICULTURE,WILDLIFE SCIENCES
AGRICULTURE,AGRICULTURAL METEOROLOGY
AGRICULTURE,ANIMAL BIOTECHNOLOGY
AGRICULTURE,PLANT SCIENCE
AGRICULTURE,ENTOMOLOGY
AGRICULTURE,AGRI
AGRICULTURE,LIVESTOCK MANAGEMENT
AGRICULTURE,SOIL SCIENCE
AGRICULTURE,WATER RESOURCE MANAGEMENT
AGRICULTURE,SILVICULTURE
AGRICULTURE,BEE KEEPING
AGRICULTURE,AGRICULTURAL WATER MANAGEMENT
AGRICULTURE,APPLIED AGRICULTURE
AGRICULTURE,MARINE BIOTECHNOLOGY
AGRICULTURE,TEA PRODUCTION AND MANAGEMENT
AGRICULTURE,ANIMAL PHYSIOLOGY
AGRICULTURE,BOTANY
AGRICULTURE,DAIRY TECHNOLOGY
AGRICULTURE,AGRICULTURAL PHYSICS
AGRICULTURE,AGRICULTURAL ZOOLOGY
AGRICULTURE,PLANT BREEDING
AGRICULTURE,FISHERIES SCIENCE
AGRICULTURE,MARICULTURE
AGRICULTURE,MEAT PRODUCTION
