ARCHITECTURE,B.ARCH
ARCHITECTURE,M.ARCH
ARCHITECTURE,M.PHIL/PH.D IN ARCHITECTURE
ARCHITECTURE,M.PLANNING
ARCHITECTURE,B.PLANNING
COMMERCE,B.COM
COMMERCE,M.COM
COMMERCE,M.PHIL/PH.D IN COMMERCE
DESIGN,B.DES
DESIGN,M.DES
DESIGN,M.PHIL/PH.D IN DESIGN
EDUCATION,B.ED
EDUCATION,M.ED
EDUCATION,M.PHIL/PH.D IN EDUCATION
EDUCATION,B.P.ED
EDUCATION,M.P.ED
PHARMACY,B.PHARM
PHARMACY,M.PHARM
PHARMACY,M.PHIL/PH.D IN PHARMACY
SCIENCES,B.SC
SCIENCES,M.SC
SCIENCES,M.PHIL/PH.D IN SCIENCE
SCIENCES,B.F.SC
SCIENCES,M.F.SC
ARTS,BA
ARTS,MA
ARTS,M.PHIL/PH.D IN ARTS
ARTS,BSW
ARTS,BFA
ARTS,MSW
ARTS,D.LITT
ANIMATION,BACHELOR OF ANIMATION
ANIMATION,MASTER OF ANIMATION
VOCATIONAL STUDIES,BACHELORS IN VOCATIONAL COURSES
VOCATIONAL STUDIES,MASTERS IN VOCATIONAL COURSES
AVIATION,BBA (AVIATION)
AVIATION,M.SC (AVIATION)
AVIATION,M.PHIL/PH.D IN ENGINEERING
COMPUTER APPLICATIONS,BCA
COMPUTER APPLICATIONS,MCA
COMPUTER APPLICATIONS,M.PHIL/PH.D IN COMPUTER APPLICATIONS
DENTISTRY,BDS
DENTISTRY,MDS
DENTISTRY,M.PHIL/PH.D IN DENTAL
ENGINEERING,BE/B.TECH
ENGINEERING,ME/M.TECH
ENGINEERING,M.PHIL/PH.D IN ENGINEERING
ENGINEERING,TRAINING PROGRAMS
HOTEL & HOSPITALITY MANAGEMENT,BHM
HOTEL & HOSPITALITY MANAGEMENT,MHM
HOTEL & HOSPITALITY MANAGEMENT,M.PHIL/PH.D IN HOTEL MANAGEMENT
HOTEL & HOSPITALITY MANAGEMENT,MBA/PGDM
MASS COMMUNICATION,BMM
MASS COMMUNICATION,MMC
MASS COMMUNICATION,M.PHIL/PH.D IN MASS COMMUNICATION
VETERINARY SCIENCES,BVSC
VETERINARY SCIENCES,MVSC
VETERINARY SCIENCES,PH.D IN VETERINARY SCIENCE
LAW,LLB
LAW,LLM
LAW,M.PHIL/PH.D IN LAW
MANAGEMENT,MBA/PGDM
MANAGEMENT,BBA/BBM
MANAGEMENT,M.PHIL/PH.D IN MANAGEMENT
MANAGEMENT,EXECUTIVE MBA
MANAGEMENT,MMS
MANAGEMENT,MHA
MEDICAL,MD
MEDICAL,MBBS
MEDICAL,B.SC (MEDICINE)
MEDICAL,MS
MEDICAL,BACHELOR OF PHYSIOTHERAPY(BPT)
MEDICAL,M.PHIL/PH.D IN MEDICINE
MEDICAL,M.SC (MEDICINE)
MEDICAL,MASTER OF PHYSIOTHERAPY(MPT)
MEDICAL,BAMS
MEDICAL,M.CH
MEDICAL,BHMS
MEDICAL,MPH
MEDICAL,DIPLOMATE NATIONAL BOARD [DNB]
MEDICAL,BUMS
NURSING,B.SC (NURSING)
NURSING,M.SC (NURSING)
NURSING,M.PHIL/PH.D IN PARAMEDICAL
AGRICULTURE,B.SC (AGRICULTURE)
AGRICULTURE,M.SC (AGRICULTURE)
AGRICULTURE,M.PHIL/PH.D IN AGRICULTURE
